acptl.ru;.ru
alternativeim.ru;.ru
savingim.ru;.ru
wealthim.ru;.ru
wimplatform.ru;.ru
GCMtech.ru;.ru
Domain5.ru;.ru
Domain6.ru;.ru
Domain7.ru;.ru
Domain8.ru;.ru
Domain9.ru;.ru
owhb.com;.com
vtbbankeurope.com;.com
vtbbank-europe.com;.com
vtbdirekt.com;.com
vtbdirektbank.com;.com
vtb-europe.com;.com
vtb-privatebanking.com;.com
vtbse.com;.com
vtb-wealth.com;.com
owh.de;.de
owhb.de;.de
vtb.de;.de
vtbbank.de;.de
vtb-bank.de;.de
vtbbankeurope.eu;.eu
vtbbank-europe.eu;.eu
vtbdirect.at;.at
vtbdirect.de;.de
vtbdirectbank.de;.de
vtbdirekt.at;.at
vtbdirekt.de;.de
vtbdirektbank.at;.at
vtbdirekt-invest.de;.de
vtbdirekt-privatebanking.de;.de
vtbdirekt-wealth.de;.de
vtbeurope.eu;.eu
vtb-europe.eu;.eu
vtbeurope.se;.se
vtb-europe.se;.se
vtb-karriere.de;.de
vtb-privatebanking.de;.de
vtb-wealth.de;.de
vtb-wealth.eu;.eu
vtbbank.lu;.lu
vtb-direkt.de;.de
vtbbank.be;.be
vtbbank.nl;.nl
vtbbank.pl;.pl
vtbbank.es;.es
vtb.at;.at
vtb.si;.si
vtbbank.it;.it
vtbbank.ro;.ro
vtbbank.cz;.cz
vtbbank.gr;.gr
vtb.gr;.gr
vtb-europe.org;.org
vtbbank.sk;.sk
vtbbank.hu;.hu
vtb-bank.eu;.eu
vtb-bank.com;.com
vtb-bank.at;.at
vtbdirektbank.eu;.eu
vtbdirectbank.eu;.eu
vtb-direktbank.eu;.eu
vtb-direkt.eu;.eu
vtb-directbank.eu;.eu
vtb-bank.org;.org
vtbeurope.net;.net
vtbdirektbank.net;.net
vtbdirectbank.net;.net
vtbbank.net;.net
vtbbank.com;.com
vtb-group.net;.net
vtb-europe.net;.net
vtb-direktbank.net;.net
vtb-direkt.net;.net
vtb-directbank.net;.net
vtb-direct.net;.net
vtb-bank.net;.net
vtbcapital.com.hk;.hk
vtbcapital.com.sg;.sg
vtbam.ru;.ru
vtb-am.ru;.ru
vtbc-am.ru;.ru
vtbcapital-am.ru;.ru
vtbcapital-assetmanagement.ru;.ru
vtbcapital-investicii.ru;.ru
vtbcapital-investments.ru;.ru
втбкапитал-уа.рф;.рф
втбкапитал-управлениеактивами.рф;.рф
втбк-уа.рф;.рф
втбк-управлениеактивами.рф;.рф
vtbc-assetmanagement.ru;.ru
wealth-im.ru;.ru
kostin.ru;.ru
privatebanking.am;.am
private-banking.am;.am
vtb.am;.am
vtb.asia;.asia
vtb.az;.az
vtb.co.uz;.uz
vtb.com;.com
vtb.com.cy;.cy
vtb.com.hk;.hk
vtb.com.tw;.tw
vtb.eu;.eu
vtb.fr;.fr
vtb.hk;.hk
vtb.kg;.kg
vtb.lu;.lu
vtb.md;.md
vtb.sg;.sg
vtb.tj;.tj
vtb.tm;.tm
vtb.tw;.tw
vtbbank.cn;.cn
vtbbank.kz;.kz
vtbcareer.com;.com
vtbcareer.ru;.ru
vtb-direct.com;.com
vtb-direct.fr;.fr
vtbleasing.ru;.ru
втб.рф;.рф
vtbinfra.ru;.ru
vtbinfra.com;.com
vtbforex.com;.com
vtb-forex.com;.com
vtbc-am.com;.com
vtbcapital.investments;.investments
vtbcapital-am.com;.com
vtbcapital-assetmanagement.com;.com
vtbcapital-investicii.com;.com
vtbcapital-investments.com;.com
vtbc-assetmanagement.com;.com
russiacalling.com;.com
russiacalling.tv;.tv
vtbcapital.biz;.biz
vtbcapital.com;.com
vtbcapital.tv;.tv
vtbcapital-direct.com;.com
vtbcapitalplc.biz;.biz
vtbcapitalplc.net;.net
vtbcapitalplc.org;.org
vtbcapital-traiding.com;.com
vtbcfinance.com;.com
vtb-ai.com;.com
russiacalling2021.com;.com
vtbcapitaldirect.com;.com
vtbcapitalforex.com;.com
vtbcapitalforex.ru.com;.com
vtbeurope.com;.com
vtbeuropese.com;.com
russiacalling2022.com;.com
vtbcapital-broker.com;.com
capitalvtb.com;.com
kapitalvtb.com;.com
vtb-capital.org;.org
vtbkapital.biz;.biz
vtb-kapital.biz;.biz
vtbkapital.info;.info
vtb-kapital.info;.info
vtbkapital.net;.net
vtb-kapital.net;.net
vtbkapital.org;.org
vtb-kapital.org;.org
vtbpe.com;.com
vtbprivateequity.com;.com
capitalvtb.biz;.biz
capitalvtb.info;.info
capitalvtb.net;.net
capitalvtb.org;.org
kapitalvtb.biz;.biz
kapitalvtb.info;.info
kapitalvtb.net;.net
kapitalvtb.org;.org
mos-broker.com;.com
mosbroker.com;.com
russiacalling.ru;.ru
vtbcapital.ru;.ru
vtbcapital-direct.co.uk;.uk
vtbcapitalplc.ru;.ru
vtbcapital-traiding.ru;.ru
vtbcaptial.ru;.ru
investvtb.com.sg;.sg
investvtb.sg;.sg
vtbcapital.hk;.hk
vtbcapital.in;.in
vtbinvest.com.sg;.sg
vtbinvest.sg;.sg
vtbpe.ru;.ru
vtbprivateequity.ru;.ru
capitalvtb.sg;.sg
business-fin.ru;.ru
business-finance.ru;.ru
russiacalling2020.ru;.ru
russiacalling2021.ru;.ru
russiacalling2022.ru;.ru
russiacalling2022.online;.online
vtbcapitaldirect.co.uk;.uk
vtbcapitalforex.ru;.ru
capitalvtb.co.uk;.uk
capitalvtb.ru;.ru
investvtb.ae;.ae
investvtb.co.uk;.uk
kapitalvtb.ru;.ru
vtbcapital.ae;.ae
vtbcapital.asia;.asia
vtbcapital.com.tw;.tw
vtbcapital.su;.su
vtb-capital.su;.su
vtbcapital.tw;.tw
vtbinvest.ae;.ae
vtbinvest.co.uk;.uk
vtbkapital.su;.su
vtb-kapital.su;.su
capitalvtb.ae;.ae
capitalvtb.su;.su
kapitalvtb.su;.su
BUSINESS-FIN.COM;.com
business-fs.ru;.ru
vtb-ai.ru;.ru
vtbcapital-i2bf.ru;.ru
vtbcapital-broker.ru;.ru
mos-broker.ru;.ru
мос-брокер.рф;.рф
мосброкер.рф;.рф
vtbcb.ru;.ru
am-mi.ru;.ru
broker-mi.ru;.ru
myinvest-am.ru;.ru
myinvest-broker.ru;.ru
pensionreserv.ru;.ru
pension-reserv.ru;.ru
pensionreserve.ru;.ru
pension-reserve.ru;.ru
vtbcapital-pension.ru;.ru
vtbcapitalpensionreserve.ru;.ru
vtbcapital-pensionreserve.ru;.ru
vtbcapital-pr.ru;.ru
vtbc-pr.ru;.ru
пенсионныйрезерв.рф;.рф
пенсионный-резерв.рф;.рф
savings-im.ru;.ru
vtbforex.ru;.ru
vtb-forex.ru;.ru
втбфорекс.рф;.рф
втб-форекс.рф;.рф
vtbcapital-im.com;.com
vtbcapital-im.ru;.ru
vtbcapital-investmentmanagement.com;.com
vtbcapital-investmentmanagement.ru;.ru
vtbc-im.com;.com
vtbc-im.ru;.ru
vtbc-investmentmanagement.com;.com
vtb-im.com;.com
vtb-im.ru;.ru
втбкапитал-уи.рф;.рф
втбкапитал-управлениеинвестициями.рф;.рф
втбк-уи.рф;.рф
втбк-управлениеинвестициями.рф;.рф
втб-уи.рф;.рф
vtbcam.ru;.ru
vtbcam.com;.com
